{
  "test/integration/pages/RisksList.js.map": 1735284977242,
  "test/integration/FirstJourney.js": 1735206356243,
  "test/integration/pages/RisksList.js": 1735206356243,
  "test/integration/opaTests.qunit.js": 1735206356227,
  "test/integration/pages/RisksObjectPage.js": 1735206356267,
  "test/testsuite.qunit.js": 1735206356211,
  "xs-app.json": 1735284966275,
  "manifest.json": 1735275781757,
  "Component.js": 1735206356055,
  "test/testsuite.qunit-dbg.js": 1735206356211,
  "test/testsuite.qunit.js.map": 1735284977247,
  "test/integration/pages/RisksList-dbg.js": 1735206356243,
  "i18n/i18n.properties": 1735206408767,
  "test/integration/opaTests.qunit-dbg.js": 1735206356227,
  "test/integration/opaTests.qunit.js.map": 1735284977249,
  "test/integration/pages/RisksObjectPage-dbg.js": 1735206356267,
  "test/integration/pages/RisksObjectPage.js.map": 1735284977246,
  "test/integration/FirstJourney-dbg.js": 1735206356243,
  "test/integration/FirstJourney.js.map": 1735284977246,
  "Component-dbg.js": 1735206356055,
  "Component.js.map": 1735284977247,
  "Component-preload.js": 1735284977348,
  "Component-preload.js.map": 1735284977348,
  "test/integration/opaTests.qunit.html": 1735206356227,
  "test/testsuite.qunit.html": 1735206356187,
  "test/flpSandbox.html": 1735206356187,
  "index.html": 1735206356055
}